"ID","Category","Name","Severity","Result","Recommended","TestResult","SeverityFinding"
"1.1.1","Account Policies","Length of password history maintained","Low","Aucune","24","Failed","Low"
"1.1.2","Account Policies","Maximum password age","Passed","42","60","Passed","Low"
"1.1.3","Account Policies","Minimum password age","Low","0","1","Failed","Low"
"1.1.4","Account Policies","Minimum password length","Medium","0","14","Failed","Medium"
"1.1.5","Account Policies","Password must meet complexity requirements","Medium","0","1","Failed","Medium"
"1.1.6","Account Policies","Store passwords using reversible encryption","Passed","0","0","Passed","High"
"1.2.1","Account Policies","Account lockout duration","Passed","30","15","Passed","Low"
"1.2.2","Account Policies","Account lockout threshold","Low","Jamais","10","Failed","Low"
"1.2.3","Account Policies","Reset account lockout counter","Passed","30","15","Passed","Low"
"2.2.1","User Rights Assignment","Access Credential Manager as a trusted caller","Passed","","","Passed","Medium"
"2.2.2","User Rights Assignment","Access this computer from the network","Medium","Tout le monde;BUILTIN\Administrateurs;BUILTIN\Utilisateurs;BUILTIN\Opérateurs de sauvegarde","BUILTIN\Remote Desktop Users;BUILTIN\Administrators","Failed","Medium"
"2.2.3","User Rights Assignment","Act as part of the operating system","Passed","","","Passed","Medium"
"2.2.4","User Rights Assignment","Adjust memory quotas for a process","Passed","AUTORITE NT\SERVICE LOCAL;AUTORITE NT\SERVICE RÉSEAU;BUILTIN\Administrateurs","BUILTIN\Administrators;NT AUTHORITY\NETWORK SERVICE;NT AUTHORITY\LOCAL SERVICE","Passed","Medium"
"2.2.5","User Rights Assignment","Allow log on locally","Medium","Invité;BUILTIN\Administrateurs;BUILTIN\Utilisateurs;BUILTIN\Opérateurs de sauvegarde","BUILTIN\Users;BUILTIN\Administrators","Failed","Medium"
"2.2.6","User Rights Assignment","Allow log on through Remote Desktop Services","Passed","BUILTIN\Administrateurs;BUILTIN\Utilisateurs du Bureau à distance","BUILTIN\Remote Desktop Users;BUILTIN\Administrators","Passed","Medium"
"2.2.7","User Rights Assignment","Back up files and directories","Medium","BUILTIN\Administrateurs;BUILTIN\Opérateurs de sauvegarde","BUILTIN\Administrators","Failed","Medium"
"2.2.8","User Rights Assignment","Change the system time","Passed","AUTORITE NT\SERVICE LOCAL;BUILTIN\Administrateurs","BUILTIN\Administrators;NT AUTHORITY\LOCAL SERVICE","Passed","Medium"
"2.2.9","User Rights Assignment","Change the time zone","Passed","AUTORITE NT\SERVICE LOCAL;BUILTIN\Administrateurs;BUILTIN\Utilisateurs","BUILTIN\Users;BUILTIN\Administrators;NT AUTHORITY\LOCAL SERVICE","Passed","Medium"
"2.2.10","User Rights Assignment","Create a pagefile","Passed","BUILTIN\Administrateurs","BUILTIN\Administrators","Passed","Medium"
"2.2.11","User Rights Assignment","Create a token object","Passed","","","Passed","Medium"
"2.2.12","User Rights Assignment","Create global objects","Passed","AUTORITE NT\SERVICE LOCAL;AUTORITE NT\SERVICE RÉSEAU;BUILTIN\Administrateurs;AUTORITE NT\SERVICE","NT AUTHORITY\SERVICE;BUILTIN\Administrators;NT AUTHORITY\NETWORK SERVICE;NT AUTHORITY\LOCAL SERVICE","Passed","Medium"
"2.2.13","User Rights Assignment","Create permanent shared objects","Passed","","","Passed","Medium"
"2.2.14.1","User Rights Assignment","Create symbolic links","Passed","BUILTIN\Administrateurs","BUILTIN\Administrators","Passed","Medium"
"2.2.14.2","User Rights Assignment","Create symbolic links (Hyper-V)","Medium","BUILTIN\Administrateurs","NT VIRTUAL MACHINE\Virtual Machines;BUILTIN\Administrators","Failed","Medium"
"2.2.15","User Rights Assignment","Debug programs","Passed","BUILTIN\Administrateurs","BUILTIN\Administrators","Passed","Medium"
"2.2.16","User Rights Assignment","Deny access to this computer from the network","Medium","Invité","Guest;NT AUTHORITY\Local account","Failed","Medium"
"2.2.17","User Rights Assignment","Deny log on as a batch job","Medium","","BUILTIN\Guests","Failed","Medium"
"2.2.18","User Rights Assignment","Deny log on as a service","Medium","","BUILTIN\Guests","Failed","Medium"
"2.2.19","User Rights Assignment","Deny log on locally","Medium","Invité","BUILTIN\Guests","Failed","Medium"
"2.2.20","User Rights Assignment","Deny log on through Remote Desktop Services","Medium","","BUILTIN\Guests;NT AUTHORITY\Local account","Failed","Medium"
"2.2.21","User Rights Assignment","Enable computer and user accounts to be trusted for delegation","Passed","","","Passed","Medium"
"2.2.22","User Rights Assignment","Force shutdown from a remote system","Passed","BUILTIN\Administrateurs","BUILTIN\Administrators","Passed","Medium"
"2.2.23","User Rights Assignment","Generate security audits","Passed","AUTORITE NT\SERVICE LOCAL;AUTORITE NT\SERVICE RÉSEAU","NT AUTHORITY\NETWORK SERVICE;NT AUTHORITY\LOCAL SERVICE","Passed","Medium"
"2.2.24","User Rights Assignment","Impersonate a client after authentication","Passed","AUTORITE NT\SERVICE LOCAL;AUTORITE NT\SERVICE RÉSEAU;BUILTIN\Administrateurs;AUTORITE NT\SERVICE","NT AUTHORITY\SERVICE;BUILTIN\Administrators;NT AUTHORITY\NETWORK SERVICE;NT AUTHORITY\LOCAL SERVICE","Passed","Medium"
"2.2.25","User Rights Assignment","Increase scheduling priority","Passed","BUILTIN\Administrateurs;Window Manager\Window Manager Group","Window Manager\Window Manager Group;BUILTIN\Administrators","Passed","Medium"
"2.2.26","User Rights Assignment","Load and unload device drivers","Passed","BUILTIN\Administrateurs","BUILTIN\Administrators","Passed","Medium"
"2.2.27","User Rights Assignment","Lock pages in memory","Passed","","","Passed","Medium"
"2.2.28","User Rights Assignment","Log on as a batch job","Medium","BUILTIN\Administrateurs;BUILTIN\Opérateurs de sauvegarde;BUILTIN\Utilisateurs du journal de performances","BUILTIN\Administrators","Failed","Medium"
"2.2.29.1","User Rights Assignment","Log on as a service","Medium","NT SERVICE\ALL SERVICES","","Failed","Medium"
"2.2.29.2","User Rights Assignment","Log on as a service (Hyper-V)","Medium","NT SERVICE\ALL SERVICES","NT VIRTUAL MACHINE\Virtual Machines","Failed","Medium"
"2.2.30","User Rights Assignment","Manage auditing and security log","Passed","BUILTIN\Administrateurs","BUILTIN\Administrators","Passed","Medium"
"2.2.31","User Rights Assignment","Modify an object label","Passed","","","Passed","Medium"
"2.2.32","User Rights Assignment","Modify firmware environment values","Passed","BUILTIN\Administrateurs","BUILTIN\Administrators","Passed","Medium"
"2.2.33","User Rights Assignment","Perform volume maintenance tasks","Passed","BUILTIN\Administrateurs","BUILTIN\Administrators","Passed","Medium"
"2.2.34","User Rights Assignment","Profile single process","Passed","BUILTIN\Administrateurs","BUILTIN\Administrators","Passed","Medium"
"2.2.35","User Rights Assignment","Profile system performance","Passed","BUILTIN\Administrateurs;NT SERVICE\WdiServiceHost","NT SERVICE\WdiServiceHost;BUILTIN\Administrators","Passed","Medium"
"2.2.36","User Rights Assignment","Replace a process level token","Passed","AUTORITE NT\SERVICE LOCAL;AUTORITE NT\SERVICE RÉSEAU","NT AUTHORITY\NETWORK SERVICE;NT AUTHORITY\LOCAL SERVICE","Passed","Medium"
"2.2.37","User Rights Assignment","Restore files and directories","Medium","BUILTIN\Administrateurs;BUILTIN\Opérateurs de sauvegarde","BUILTIN\Administrators","Failed","Medium"
"2.2.38","User Rights Assignment","Shut down the system","Medium","BUILTIN\Administrateurs;BUILTIN\Utilisateurs;BUILTIN\Opérateurs de sauvegarde","BUILTIN\Users;BUILTIN\Administrators","Failed","Medium"
"2.2.39","User Rights Assignment","Take ownership of files or other objects","Passed","BUILTIN\Administrateurs","BUILTIN\Administrators","Passed","Medium"
"2.3.1.1","Security Options","Accounts: Administrator account status","Passed","False","False","Passed","Medium"
"2.3.1.2","Security Options","Accounts: Block Microsoft accounts","Low","0","3","Failed","Low"
"2.3.1.3","Security Options","Accounts: Guest account status","Passed","False","False","Passed","Medium"
"2.3.1.4","Security Options","Accounts: Limit local account use of blank passwords to console logon only","Passed","1","1","Passed","Medium"
"2.3.1.5","Security Options","Accounts: Rename administrator account","Passed","Administrateur","Administrator","Passed","Low"
"2.3.1.6","Security Options","Accounts: Rename guest account","Passed","Invité","Guest","Passed","Low"
"2.3.2.1","Security Options","Audit: Force audit policy subcategory settings to override audit policy category settings","Passed","1","1","Passed","Low"
"2.3.2.2","Security Options","Audit: Shut down system immediately if unable to log security audits","Passed","0","0","Passed","Low"
"2.3.4.1","Security Options","Devices: Allowed to format and eject removable media","Passed","2","2","Passed","Medium"
"2.3.4.2","Security Options","Devices: Prevent users from installing printer drivers","Medium","0","1","Failed","Medium"
"2.3.6.1","Security Options","Domain member: Digitally encrypt or sign secure channel data (always)","Passed","1","1","Passed","Medium"
"2.3.6.2","Security Options","Domain member: Digitally encrypt secure channel data (when possible)","Passed","1","1","Passed","Medium"
"2.3.6.3","Security Options","Domain member: Digitally sign secure channel data (when possible)","Passed","1","1","Passed","Medium"
"2.3.6.4","Security Options","Domain member: Disable machine account password changes","Passed","0","0","Passed","Medium"
"2.3.6.5","Security Options","Domain member: Maximum machine account password age","Passed","30","30","Passed","Medium"
"2.3.6.6","Security Options","Domain member: Require strong (Windows 2000 or later) session key","Passed","1","1","Passed","Medium"
"2.3.7.1","Security Options","Interactive logon: Do not require CTRL+ALT+DEL","Low","1","0","Failed","Low"
"2.3.7.2","Security Options","Interactive logon: Don't display last signed-in","Low","0","1","Failed","Low"
"2.3.7.3","Security Options","Interactive logon: Machine account lockout threshold","Passed","10","10","Passed","Medium"
"2.3.7.4","Security Options","Interactive logon: Machine inactivity limit","Passed","900","900","Passed","Medium"
"2.3.7.5","Security Options","Interactive logon: Message text for users attempting to log on","Low"," ","","Failed","Low"
"2.3.7.6","Security Options","Interactive logon: Message title for users attempting to log on","Low","","","Failed","Low"
"2.3.7.7","Security Options","Interactive logon: Number of previous logons to cache (in case domain controller is not available)","Medium","10","4","Failed","Medium"
"2.3.7.8.1","Security Options","Interactive logon: Prompt user to change password before expiration (Max)","Passed","5","14","Passed","Low"
"2.3.7.8.2","Security Options","Interactive logon: Prompt user to change password before expiration (Min)","Passed","5","5","Passed","Low"
"2.3.7.9","Security Options","Interactive logon: Smart card removal behavior","Low","0","1","Failed","Low"
"2.3.8.1","Security Options","Microsoft network client: Digitally sign communications (always)","Medium","0","1","Failed","Medium"
"2.3.8.2","Security Options","Microsoft network client: Digitally sign communications (if server agrees)","Passed","1","1","Passed","Medium"
"2.3.8.3","Security Options","Microsoft network client: Send unencrypted password to third-party SMB servers","Passed","0","0","Passed","Medium"
"2.3.9.1","Security Options","Microsoft network server: Amount of idle time required before suspending session","Passed","15","15","Passed","Medium"
"2.3.9.2","Security Options","Microsoft network server: Digitally sign communications (always)","Medium","0","1","Failed","Medium"
"2.3.9.3","Security Options","Microsoft network server: Digitally sign communications (if client agrees)","Medium","0","1","Failed","Medium"
"2.3.9.4","Security Options","Microsoft network server: Disconnect clients when logon hours expire","Passed","1","1","Passed","Medium"
"2.3.9.5","Security Options","Microsoft network server: Server SPN target name validation level","Medium","","1","Failed","Medium"
"2.3.10.1","Security Options","Network access: Allow anonymous SID/Name translation","Passed","0","0","Passed","Medium"
"2.3.10.2","Security Options","Network access: Do not allow anonymous enumeration of SAM accounts","Passed","1","1","Passed","Medium"
"2.3.10.3","Security Options","Network access: Do not allow anonymous enumeration of SAM accounts and shares","Medium","0","1","Failed","Medium"
"2.3.10.4","Security Options","Network access: Do not allow storage of passwords and credentials for network authentication","Medium","0","1","Failed","Medium"
"2.3.10.5","Security Options","Network access: Let Everyone permissions apply to anonymous users","Passed","0","0","Passed","Medium"
"2.3.10.6","Security Options","Network access: Named Pipes that can be accessed anonymously","Passed","","","Passed","Medium"
"2.3.10.7","Security Options","Network access: Remotely accessible registry paths","Passed","System\CurrentControlSet\Control\ProductOptions;System\CurrentControlSet\Control\Server Applications;Software\Microsoft\Windows NT\CurrentVersion","System\CurrentControlSet\Control\ProductOptions;System\CurrentControlSet\Control\Server Applications;Software\Microsoft\Windows NT\CurrentVersion","Passed","Medium"
"2.3.10.8","Security Options","Network access: Remotely accessible registry paths and sub-paths","Passed","System\CurrentControlSet\Control\Print\Printers;System\CurrentControlSet\Services\Eventlog;Software\Microsoft\OLAP Server;Software\Microsoft\Windows NT\CurrentVersion\Print;Software\Microsoft\Windows NT\CurrentVersion\Windows;System\CurrentControlSet\Control\ContentIndex;System\CurrentControlSet\Control\Terminal Server;System\CurrentControlSet\Control\Terminal Server\UserConfig;System\CurrentControlSet\Control\Terminal Server\DefaultUserConfiguration;Software\Microsoft\Windows NT\CurrentVersion\Perflib;System\CurrentControlSet\Services\SysmonLog","System\CurrentControlSet\Control\Print\Printers;System\CurrentControlSet\Services\Eventlog;Software\Microsoft\OLAP Server;Software\Microsoft\Windows NT\CurrentVersion\Print;Software\Microsoft\Windows NT\CurrentVersion\Windows;System\CurrentControlSet\Control\ContentIndex;System\CurrentControlSet\Control\Terminal Server;System\CurrentControlSet\Control\Terminal Server\UserConfig;System\CurrentControlSet\Control\Terminal Server\DefaultUserConfiguration;Software\Microsoft\Windows NT\CurrentVersion\Perflib;System\CurrentControlSet\Services\SysmonLog","Passed","Medium"
"2.3.10.9","Security Options","Network access: Restrict anonymous access to Named Pipes and Shares","Passed","1","1","Passed","Medium"
"2.3.10.10","Security Options","Network access: Restrict clients allowed to make remote calls to SAM","Medium","","O:BAG:BAD:(A;;RC;;;BA)","Failed","Medium"
"2.3.10.11","Security Options","Network access: Shares that can be accessed anonymously","Passed","","","Passed","Medium"
"2.3.10.12","Security Options","Network access: Sharing and security model for local accounts","Passed","0","0","Passed","Medium"
"2.3.11.1","Security Options","Network security: Allow Local System to use computer identity for NTLM","Medium","0","1","Failed","Medium"
"2.3.11.2","Security Options","Network security: Allow LocalSystem NULL session fallback","Passed","0","0","Passed","Medium"
"2.3.11.3","Security Options","Network security: Allow PKU2U authentication requests to this computer to use online identities","Medium","","0","Failed","Medium"
"2.3.11.4","Security Options","Network security: Configure encryption types allowed for Kerberos","Medium","2147483644","2147483640","Failed","Medium"
"2.3.11.5","Security Options","Network security: Do not store LAN Manager hash value on next password change","Passed","1","1","Passed","High"
"2.3.11.6","Security Options","Network security: Force logoff when logon hours expires","Low","0","1","Failed","Low"
"2.3.11.7","Security Options","Network security: LAN Manager authentication level","Medium","3","5","Failed","Medium"
"2.3.11.8","Security Options","Network security: LDAP client signing requirements","Passed","1","1","Passed","Medium"
"2.3.11.9","Security Options","Network security: Minimum session security for NTLM SSP based (including secure RPC) clients","Medium","536870912","537395200","Failed","Medium"
"2.3.11.10","Security Options","Network security: Minimum session security for NTLM SSP based (including secure RPC) servers","Medium","536870912","537395200","Failed","Medium"
"2.3.14.1","Security Options","System cryptography: Force strong key protection for user keys stored on the computer","Medium","","1","Failed","Medium"
"2.3.15.1","Security Options","System objects: Require case insensitivity for non-Windows subsystem","Passed","1","1","Passed","Medium"
"2.3.15.2","Security Options","System objects: Strengthen default permissions of internal system objects (e.g. Symbolic Links)","Passed","1","1","Passed","Medium"
"2.3.17.1","Security Options","User Account Control: Admin Approval Mode for the Built-in Administrator account","Medium","0","1","Failed","Medium"
"2.3.17.2","Security Options","User Account Control: Behavior of the elevation prompt for administrators in Admin Approval Mode","Medium","5","2","Failed","Medium"
"2.3.17.3","Security Options","User Account Control: Behavior of the elevation prompt for standard users","Medium","3","0","Failed","Medium"
"2.3.17.4","Security Options","User Account Control: Detect application installations and prompt for elevation","Passed","1","1","Passed","Medium"
"2.3.17.5","Security Options","User Account Control: Only elevate UIAccess applications that are installed in secure locations","Passed","1","1","Passed","Medium"
"2.3.17.6","Security Options","User Account Control: Run all administrators in Admin Approval Mode","Passed","1","1","Passed","Medium"
"2.3.17.7","Security Options","User Account Control: Switch to the secure desktop when prompting for elevation","Passed","1","1","Passed","Medium"
"2.3.17.8","Security Options","User Account Control: Virtualize file and registry write failures to per-user locations","Passed","1","1","Passed","Medium"
"5.1.1","System Services","Bluetooth Audio Gateway Service (BTAGService)","Medium","3","4","Failed","Medium"
"5.1.2","System Services","Bluetooth Audio Gateway Service (BTAGService) (Service Startup type)","Medium","Manual","Disabled","Failed","Medium"
"5.2.1","System Services","Bluetooth Support Service (bthserv)","Medium","3","4","Failed","Medium"
"5.2.2","System Services","Bluetooth Support Service (bthserv) (Service Startup type)","Medium","Manual","Disabled","Failed","Medium"
"5.3.1","System Services","Computer Browser (Browser)","Passed","","4","Passed","Medium"
"5.3.2","System Services","Computer Browser (Browser) (Service Startup type) (!Check for false positive for service ""bowser""!)","Passed",,"Disabled","Passed","Medium"
"5.4.1","System Services","Downloaded Maps Manager (MapsBroker)","Medium","2","4","Failed","Medium"
"5.4.2","System Services","Downloaded Maps Manager (MapsBroker) (Service Startup type)","Medium","Automatic","Disabled","Failed","Medium"
"5.5.1","System Services","Geolocation Service (lfsvc)","Medium","3","4","Failed","Medium"
"5.5.2","System Services","Geolocation Service (lfsvc) (Service Startup type)","Medium","Manual","Disabled","Failed","Medium"
"5.6.1","System Services","IIS Admin Service (IISADMIN)","Passed","","4","Passed","Medium"
"5.6.2","System Services","IIS Admin Service (IISADMIN) (Service Startup type)","Passed",,"Disabled","Passed","Medium"
"5.7.1","System Services","Infrared monitor service (irmon)","Medium","","4","Failed","Medium"
"5.7.2","System Services","Infrared monitor service (irmon) (Service Startup type)","Medium",,"Disabled","Failed","Medium"
"5.8.1","System Services","Internet Connection Sharing (ICS) (SharedAccess)","Medium","3","4","Failed","Medium"
"5.8.2","System Services","Internet Connection Sharing (ICS) (SharedAccess) (Service Startup type)","Medium","Manual","Disabled","Failed","Medium"
"5.9.1","System Services","Link-Layer Topology Discovery Mapper (lltdsvc)","Medium","3","4","Failed","Medium"
"5.9.2","System Services","Link-Layer Topology Discovery Mapper (lltdsvc) (Service Startup type)","Medium","Manual","Disabled","Failed","Medium"
"5.10.1","System Services","LxssManager (LxssManager)","Passed","","4","Passed","Medium"
"5.10.2","System Services","LxssManager (LxssManager) (Service Startup type)","Passed",,"Disabled","Passed","Medium"
"5.11.1","System Services","Microsoft FTP Service (FTPSVC)","Passed","","4","Passed","Medium"
"5.11.2","System Services","Microsoft FTP Service (FTPSVC) (Service Startup type)","Passed",,"Disabled","Passed","Medium"
"5.12.1","System Services","Microsoft iSCSI Initiator Service (MSiSCSI)","Medium","3","4","Failed","Medium"
"5.12.2","System Services","Microsoft iSCSI Initiator Service (MsiSCSI) (Service Startup type)","Medium","Manual","Disabled","Failed","Medium"
"5.13.1","System Services","Microsoft Store Install Service (InstallService)","Medium","3","4","Failed","Medium"
"5.13.2","System Services","Microsoft Store Install Service (InstallService) (Service Startup type)","Medium","Manual","Disabled","Failed","Medium"
"5.14.1","System Services","OpenSSH SSH Server (sshd)","Medium","2","4","Failed","Medium"
"5.14.2","System Services","OpenSSH SSH Server (sshd) (Service Startup type)","Medium","Automatic","Disabled","Failed","Medium"
"5.15.1","System Services","Peer Name Resolution Protocol (PNRPsvc)","Medium","3","4","Failed","Medium"
"5.15.2","System Services","Peer Name Resolution Protocol (PNRPsvc) (Service Startup type)","Medium","Manual","Disabled","Failed","Medium"
"5.16.1","System Services","Peer Networking Grouping (p2psvc)","Medium","3","4","Failed","Medium"
"5.16.2","System Services","Peer Networking Grouping (p2psvc) (Service Startup type)","Medium","Manual","Disabled","Failed","Medium"
"5.17.1","System Services","Peer Networking Identity Manager (p2pimsvc)","Medium","3","4","Failed","Medium"
"5.17.2","System Services","Peer Networking Identity Manager (p2pimsvc) (Service Startup type)","Medium","Manual","Disabled","Failed","Medium"
"5.18.1","System Services","PNRP Machine Name Publication Service (PNRPAutoReg)","Medium","3","4","Failed","Medium"
"5.18.2","System Services","PNRP Machine Name Publication Service (PNRPAutoReg) (Service Startup type)","Medium","Manual","Disabled","Failed","Medium"
"5.19.1","System Services","Problem Reports and Solutions Control Panel Support (wercplsupport)","Medium","3","4","Failed","Medium"
"5.19.2","System Services","Problem Reports and Solutions Control Panel Support (wercplsupport) (Service Startup type)","Medium","Manual","Disabled","Failed","Medium"
"5.20.1","System Services","Remote Access Auto Connection Manager (RasAuto)","Medium","3","4","Failed","Medium"
"5.20.2","System Services","Remote Access Auto Connection Manager (RasAuto) (Service Startup type)","Medium","Manual","Disabled","Failed","Medium"
"5.21.1","System Services","Remote Desktop Configuration (SessionEnv)","Medium","3","4","Failed","Medium"
"5.21.2","System Services","Remote Desktop Configuration (SessionEnv) (Service Startup type)","Medium","Manual","Disabled","Failed","Medium"
"5.22.1","System Services","Remote Desktop Services (TermService)","Medium","3","4","Failed","Medium"
"5.22.2","System Services","Remote Desktop Services (TermService) (Service Startup type)","Medium","Manual","Disabled","Failed","Medium"
"5.23.1","System Services","Remote Desktop Services UserMode Port Redirector (UmRdpService)","Medium","3","4","Failed","Medium"
"5.23.2","System Services","Remote Desktop Services UserMode Port Redirector (UmRdpService) (Service Startup type)","Medium","Manual","Disabled","Failed","Medium"
"5.24.1","System Services","Remote Procedure Call (RPC) Locator (RpcLocator)","Medium","3","4","Failed","Medium"
"5.24.2","System Services","Remote Procedure Call (RPC) Locator (RpcLocator) (Service Startup type)","Medium","Manual","Disabled","Failed","Medium"
"5.25.1","System Services","Remote Registry (RemoteRegistry)","Passed","4","4","Passed","Medium"
"5.25.2","System Services","Remote Registry (RemoteRegistry) (Service Startup type)","Passed","Disabled","Disabled","Passed","Medium"
"5.26.1","System Services","Routing and Remote Access (RemoteAccess)","Passed","4","4","Passed","Medium"
"5.26.2","System Services","Routing and Remote Access (RemoteAccess) (Service Startup type)","Passed","Disabled","Disabled","Passed","Medium"
"5.27.1","System Services","Server (LanmanServer)","Medium","2","4","Failed","Medium"
"5.27.2","System Services","Server (LanmanServer) (Service Startup type)","Medium","Automatic","Disabled","Failed","Medium"
"5.28.1","System Services","Simple TCP/IP Services (simptcp)","Passed","","4","Passed","Medium"
"5.28.2","System Services","Simple TCP/IP Services (simptcp) (Service Startup type)","Passed",,"Disabled","Passed","Medium"
"5.29.1","System Services","SNMP Service (SNMP)","Passed","","4","Passed","Medium"
"5.29.2","System Services","SNMP Service (SNMP) (Service Startup type)","Passed",,"Disabled","Passed","Medium"
"5.30.1","System Services","SSDP Discovery (SSDPSRV)","Medium","3","4","Failed","Medium"
"5.30.2","System Services","SSDP Discovery (SSDPSRV) (Service Startup type)","Medium","Manual","Disabled","Failed","Medium"
"5.31.1","System Services","UPnP Device Host (upnphost)","Medium","3","4","Failed","Medium"
"5.31.2","System Services","UPnP Device Host (upnphost) (Service Startup type)","Medium","Manual","Disabled","Failed","Medium"
"5.32.1","System Services","Web Management Service (WMSvc)","Passed","","4","Passed","Medium"
"5.32.2","System Services","Web Management Service (WMSvc) (Service Startup type)","Passed",,"Disabled","Passed","Medium"
"5.33.1","System Services","Windows Error Reporting Service (WerSvc)","Medium","3","4","Failed","Medium"
"5.33.2","System Services","Windows Error Reporting Service (WerSvc) (Service Startup type)","Medium","Manual","Disabled","Failed","Medium"
"5.34.1","System Services","Windows Event Collector (Wecsvc)","Medium","3","4","Failed","Medium"
"5.34.2","System Services","Windows Event Collector (Wecsvc) (Service Startup type)","Medium","Manual","Disabled","Failed","Medium"
"5.35.1","System Services","Windows Media Player Network Sharing Service (WMPNetworkSvc)","Medium","3","4","Failed","Medium"
"5.35.2","System Services","Windows Media Player Network Sharing Service (WMPNetworkSvc) (Service Startup type)","Medium","Manual","Disabled","Failed","Medium"
"5.36.1","System Services","Windows Mobile Hotspot Service (icssvc)","Medium","3","4","Failed","Medium"
"5.36.2","System Services","Windows Mobile Hotspot Service (icssvc) (Service Startup type)","Medium","Manual","Disabled","Failed","Medium"
"5.37.1","System Services","Windows Push Notifications System Service (WpnService)","Medium","2","4","Failed","Medium"
"5.37.2","System Services","Windows Push Notifications System Service (WpnService) (Service Startup type)","Medium","Automatic","Disabled","Failed","Medium"
"5.38.1","System Services","Windows PushToInstall Service (PushToInstall)","Medium","3","4","Failed","Medium"
"5.38.2","System Services","Windows PushToInstall Service (PushToInstall) (Service Startup type)","Medium","Manual","Disabled","Failed","Medium"
"5.39.1","System Services","Windows Remote Management (WS-Management) (WinRM)","Medium","2","4","Failed","Medium"
"5.39.2","System Services","Windows Remote Management (WS-Management) (WinRM) (Service Startup type)","Medium","Automatic","Disabled","Failed","Medium"
"5.40.1","System Services","World Wide Web Publishing Service (W3SVC)","Passed","","4","Passed","Medium"
"5.40.2","System Services","World Wide Web Publishing Service (W3SVC) (Service Startup type)","Passed",,"Disabled","Passed","Medium"
"5.41.1","System Services","Xbox Accessory Management Service (XboxGipSvc)","Medium","3","4","Failed","Medium"
"5.41.2","System Services","Xbox Accessory Management Service (XboxGipSvc) (Service Startup type)","Medium","Manual","Disabled","Failed","Medium"
"5.42.1","System Services","Xbox Live Auth Manager (XblAuthManager)","Medium","3","4","Failed","Medium"
"5.42.2","System Services","Xbox Live Auth Manager (XblAuthManager) (Service Startup type)","Medium","Manual","Disabled","Failed","Medium"
"5.43.1","System Services","Xbox Live Game Save (XblGameSave)","Medium","3","4","Failed","Medium"
"5.43.2","System Services","Xbox Live Game Save (XblGameSave) (Service Startup type)","Medium","Manual","Disabled","Failed","Medium"
"5.44.1","System Services","Xbox Live Networking Service (XboxNetApiSvc)","Medium","3","4","Failed","Medium"
"5.44.2","System Services","Xbox Live Networking Service (XboxNetApiSvc) (Service Startup type)","Medium","Manual","Disabled","Failed","Medium"
"9.1.1","Windows Firewall","EnableFirewall (Domain Profile, Policy)","Medium","0","1","Failed","Medium"
"9.1.2","Windows Firewall","Inbound Connections (Domain Profile, Policy)","Passed","1","1","Passed","Medium"
"9.1.3","Windows Firewall","Outbound Connections (Domain Profile, Policy)","Passed","0","0","Passed","Medium"
"9.1.4","Windows Firewall","Display a notification (Domain Profile, Policy)","Low","0","1","Failed","Low"
"9.1.5","Windows Firewall","Name of log file (Domain Profile, Policy)","Low","%SystemRoot%\System32\logfiles\firewall\pfirewall.log","%SystemRoot%\System32\logfiles\firewall\domainfw.log","Failed","Low"
"9.1.6","Windows Firewall","Log size limit (Domain Profile, Policy)","Medium","4096","16384","Failed","Medium"
"9.1.7","Windows Firewall","Log dropped packets (Domain Profile, Policy)","Medium","0","1","Failed","Medium"
"9.1.8","Windows Firewall","Log successful connections (Domain Profile, Policy)","Low","0","1","Failed","Low"
"9.2.1","Windows Firewall","EnableFirewall (Private Profile, Policy)","Medium","0","1","Failed","Medium"
"9.2.2","Windows Firewall","Inbound Connections (Private Profile, Policy)","Passed","1","1","Passed","Medium"
"9.2.3","Windows Firewall","Outbound Connections (Private Profile, Policy)","Passed","0","0","Passed","Medium"
"9.2.4","Windows Firewall","Display a notification (Private Profile, Policy)","Low","0","1","Failed","Low"
"9.2.5","Windows Firewall","Name of log file (Private Profile, Policy)","Low","%SystemRoot%\System32\logfiles\firewall\pfirewall.log","%SystemRoot%\System32\logfiles\firewall\privatefw.log","Failed","Low"
"9.2.6","Windows Firewall","Log size limit (Private Profile, Policy)","Medium","4096","16384","Failed","Medium"
"9.2.7","Windows Firewall","Log dropped packets (Private Profile, Policy)","Medium","0","1","Failed","Medium"
"9.2.8","Windows Firewall","Log successful connections (Private Profile, Policy)","Low","0","1","Failed","Low"
"9.3.1","Windows Firewall","EnableFirewall (Public Profile, Policy)","Medium","0","1","Failed","Medium"
"9.3.2","Windows Firewall","Inbound Connections (Public Profile, Policy)","Passed","1","1","Passed","Medium"
"9.3.3","Windows Firewall","Outbound Connections (Public Profile, Policy)","Passed","0","0","Passed","Medium"
"9.3.4","Windows Firewall","Display a notification (Public Profile, Policy)","Low","0","1","Failed","Low"
"9.3.5","Windows Firewall","Apply local firewall rules (Public Profile, Policy)","Passed","0","0","Passed","Low"
"9.3.6","Windows Firewall","Apply local connection security rules (Public Profile, Policy)","Passed","0","0","Passed","Low"
"9.3.7","Windows Firewall","Name of log file (Public Profile, Policy)","Low","%SystemRoot%\System32\logfiles\firewall\pfirewall.log","%SystemRoot%\System32\logfiles\firewall\publicfw.log","Failed","Low"
"9.3.8","Windows Firewall","Log size limit (Public Profile, Policy)","Medium","4096","16384","Failed","Medium"
"9.3.9","Windows Firewall","Log dropped packets (Public Profile, Policy)","Medium","0","1","Failed","Medium"
"9.3.10","Windows Firewall","Log successful connections (Public Profile, Policy)","Low","0","1","Failed","Low"
"17.1.1","Advanced Audit Policy Configuration","Credential Validation","Low","No Auditing","Success and Failure","Failed","Low"
"17.2.1","Advanced Audit Policy Configuration","Application Group Management","Low","No Auditing","Success and Failure","Failed","Low"
"17.2.2","Advanced Audit Policy Configuration","Computer Account Management","Low","No Auditing","Success and Failure","Failed","Low"
"17.2.3","Advanced Audit Policy Configuration","Security Group Management","Passed","Success","Success","Passed","Low"
"17.2.4","Advanced Audit Policy Configuration","User Account Management","Low","Success","Success and Failure","Failed","Low"
"17.3.1","Advanced Audit Policy Configuration","Plug and Play Events","Low","No Auditing","Success","Failed","Low"
"17.3.2","Advanced Audit Policy Configuration","Process Creation","Low","No Auditing","Success","Failed","Low"
"17.5.1","Advanced Audit Policy Configuration","Account Lockout","Low","Success","Failure","Failed","Low"
"17.5.2","Advanced Audit Policy Configuration","Group Membership","Low","No Auditing","Success","Failed","Low"
"17.5.3","Advanced Audit Policy Configuration","Logoff","Passed","Success","Success","Passed","Low"
"17.5.4","Advanced Audit Policy Configuration","Logon","Passed","Success and Failure","Success and Failure","Passed","Low"
"17.5.5","Advanced Audit Policy Configuration","Other Logon/Logoff Events","Low","No Auditing","Success and Failure","Failed","Low"
"17.5.6","Advanced Audit Policy Configuration","Special Logon","Passed","Success","Success","Passed","Low"
"17.6.1","Advanced Audit Policy Configuration","Detailed File Share","Low","No Auditing","Failure","Failed","Low"
"17.6.2","Advanced Audit Policy Configuration","File Share","Low","No Auditing","Success and Failure","Failed","Low"
"17.6.3","Advanced Audit Policy Configuration","Other Object Access Events","Low","No Auditing","Success and Failure","Failed","Low"
"17.6.4","Advanced Audit Policy Configuration","Removable Storage","Low","No Auditing","Success and Failure","Failed","Low"
"17.7.1","Advanced Audit Policy Configuration","Audit Policy Change","Passed","Success","Success","Passed","Low"
"17.7.2","Advanced Audit Policy Configuration","Authentication Policy Change","Passed","Success","Success","Passed","Low"
"17.7.3","Advanced Audit Policy Configuration","Authorization Policy Change","Low","No Auditing","Success","Failed","Low"
"17.7.4","Advanced Audit Policy Configuration","MPSSVC Rule-Level Policy Change","Low","No Auditing","Success and Failure","Failed","Low"
"17.7.5","Advanced Audit Policy Configuration","Other Policy Change Events","Low","No Auditing","Failure","Failed","Low"
"17.8.1","Advanced Audit Policy Configuration","Sensitive Privilege Use","Low","No Auditing","Success and Failure","Failed","Low"
"17.9.1","Advanced Audit Policy Configuration","IPsec Driver","Low","No Auditing","Success and Failure","Failed","Low"
"17.9.2","Advanced Audit Policy Configuration","Other System Events","Passed","Success and Failure","Success and Failure","Passed","Low"
"17.9.3","Advanced Audit Policy Configuration","Security State Change","Passed","Success","Success","Passed","Low"
"17.9.4","Advanced Audit Policy Configuration","Security System Extension","Low","No Auditing","Success","Failed","Low"
"17.9.5","Advanced Audit Policy Configuration","System Integrity","Passed","Success and Failure","Success and Failure","Passed","Low"
"18.1.1.1","Administrative Templates: Control Panel","Personalization: Prevent enabling lock screen camera","Low","0","1","Failed","Low"
"18.1.1.2","Administrative Templates: Control Panel","Personalization: Prevent enabling lock screen slide show","Low","0","1","Failed","Low"
"18.1.2.2","Administrative Templates: Control Panel","Regional and Language Options: Allow users to enable online speech recognition services","Medium","1","0","Failed","Medium"
"18.1.3","Administrative Templates: Control Panel","Allow Online Tips","Medium","1","0","Failed","Medium"
"18.2.1","Administrative Templates: LAPS","LAPS AdmPwd GPO Extension / CSE","Medium","","C:\Program Files\LAPS\CSE\AdmPwd.dll","Failed","Medium"
"18.2.2","Administrative Templates: LAPS","Do not allow password expiration time longer than required by policy","Medium","0","1","Failed","Medium"
"18.2.3","Administrative Templates: LAPS","Enable local admin password management","Medium","0","1","Failed","Medium"
"18.2.4","Administrative Templates: LAPS","Password Settings: Password Complexity","Passed","4","4","Passed","Medium"
"18.2.5","Administrative Templates: LAPS","Password Settings: Password Length","Medium","14","15","Failed","Medium"
"18.2.6","Administrative Templates: LAPS","Password Settings: Password Age (Days)","Passed","30","30","Passed","Medium"
"18.3.1","MS Security Guide","Apply UAC restrictions to local accounts on network logons","Medium","1","0","Failed","Medium"
"18.3.2","MS Security Guide","Configure SMB v1 client driver","Medium","1","4","Failed","Medium"
"18.3.3","MS Security Guide","Configure SMB v1 server","Medium","1","0","Failed","Medium"
"18.3.4","MS Security Guide","Enable Structured Exception Handling Overwrite Protection (SEHOP)","Passed","0","0","Passed","Medium"
"18.3.5","MS Security Guide","WDigest Authentication","Passed","0","0","Passed","High"
"18.4.1","MSS (Legacy)","MSS: (AutoAdminLogon) Enable Automatic Logon (not recommended)","Passed","0","0","Passed","Medium"
"18.4.2","MSS (Legacy)","MSS: (DisableIPSourceRouting IPv6) IP source routing protection level (protects against packet spoofing)","Medium","0","2","Failed","Medium"
"18.4.3","MSS (Legacy)","MSS: (DisableIPSourceRouting) IP source routing protection level (protects against packet spoofing)","Medium","1","2","Failed","Medium"
"18.4.4","MSS (Legacy)","MSS: (DisableSavePassword) Prevent the dial-up password from being saved","Medium","","1","Failed","Medium"
"18.4.5","MSS (Legacy)","MSS: (EnableICMPRedirect) Allow ICMP redirects to override OSPF generated routes","Medium","1","0","Failed","Medium"
"18.4.6","MSS (Legacy)","MSS: (KeepAliveTime) How often keep-alive packets are sent in milliseconds","Medium","7200000","300000","Failed","Medium"
"18.4.7","MSS (Legacy)","MSS: (NoNameReleaseOnDemand) Allow the computer to ignore NetBIOS name release requests except from WINS servers","Medium","0","1","Failed","Medium"
"18.4.8","MSS (Legacy)","MSS: (PerformRouterDiscovery) Allow IRDP to detect and configure Default Gateway addresses (could lead to DoS)","Passed","0","0","Passed","Medium"
"18.4.9","MSS (Legacy)","MSS: (SafeDllSearchMode) Enable Safe DLL search mode (recommended)","Medium","0","1","Failed","Medium"
"18.4.10","MSS (Legacy)","MSS: (ScreenSaverGracePeriod) The time in seconds before the screen saver grace period expires (0 recommended)","Passed","5","5","Passed","Medium"
"18.4.11","MSS (Legacy)","MSS: (TcpMaxDataRetransmissions IPv6) How many times unacknowledged data is retransmitted","Medium","5","3","Failed","Medium"
"18.4.12","MSS (Legacy)","MSS: (TcpMaxDataRetransmissions) How many times unacknowledged data is retransmitted","Medium","5","3","Failed","Medium"
"18.4.13","MSS (Legacy)","MSS: (WarningLevel) Percentage threshold for the security event log at which the system will generate a warning","Passed","0","90","Passed","Medium"
"18.5.4.1","MS Security Guide","NetBT NodeType configuration","Medium","0","2","Failed","Medium"
"18.5.4.2","Administrative Templates: Network","DNS Client: Turn off multicast name resolution (LLMNR)","Medium","1","0","Failed","Medium"
"18.5.5.1","Administrative Templates: Network","Fonts: Enable Font Providers","Medium","1","0","Failed","Medium"
"18.5.8.1","Administrative Templates: Network","Lanman Workstation: Enable insecure guest logons","Medium","1","0","Failed","Medium"
"18.5.9.1.1","Administrative Templates: Network","Link-Layer Topology Discovery: Turn on Mapper I/O (LLTDIO) driver (AllowLLTDIOOndomain)","Passed","0","0","Passed","Medium"
"18.5.9.1.2","Administrative Templates: Network","Link-Layer Topology Discovery: Turn on Mapper I/O (LLTDIO) driver (AllowLLTDIOOnPublicNet)","Passed","0","0","Passed","Medium"
"18.5.9.1.3","Administrative Templates: Network","Link-Layer Topology Discovery: Turn on Mapper I/O (LLTDIO) driver (EnableLLTDIO)","Passed","0","0","Passed","Medium"
"18.5.9.1.4","Administrative Templates: Network","Link-Layer Topology Discovery: Turn on Mapper I/O (LLTDIO) driver (ProhibitLLTDIOOnPrivateNet)","Passed","0","0","Passed","Medium"
"18.5.9.2.1","Administrative Templates: Network","Turn on Responder (RSPNDR) driver (AllowRspndrOnDomain)","Passed","0","0","Passed","Medium"
"18.5.9.2.2","Administrative Templates: Network","Turn on Responder (RSPNDR) driver (AllowRspndrOnPublicNet)","Passed","0","0","Passed","Medium"
"18.5.9.2.3","Administrative Templates: Network","Turn on Responder (RSPNDR) driver (EnableRspndr)","Passed","0","0","Passed","Medium"
"18.5.9.2.4","Administrative Templates: Network","Turn on Responder (RSPNDR) driver (ProhibitRspndrOnPrivateNet)","Passed","0","0","Passed","Medium"
"18.5.10.2","Administrative Templates: Network","Turn off Microsoft Peer-to-Peer Networking Services","Medium","0","1","Failed","Medium"
"18.5.11.2","Administrative Templates: Network","Network Connections: Prohibit installation and configuration of Network Bridge on your DNS domain network","Passed","0","0","Passed","Medium"
"18.5.11.3","Administrative Templates: Network","Network Connections: Prohibit use of Internet Connection Sharing on your DNS domain network","Medium","1","0","Failed","Medium"
"18.5.11.4","Administrative Templates: Network","Network Connections: Require domain users to elevate when setting a network's location","Medium","0","1","Failed","Medium"
"18.5.14.1.1","Administrative Templates: Network","Network Provider: Hardened UNC Paths (NETLOGON)","Medium","","RequireMutualAuthentication=1,RequireIntegrity=1","Failed","Medium"
"18.5.14.1.2","Administrative Templates: Network","Network Provider: Hardened UNC Paths (SYSVOL)","Medium","","RequireMutualAuthentication=1,RequireIntegrity=1","Failed","Medium"
"18.5.19.2.1","Administrative Templates: Network","Disable IPv6","Medium","0","255","Failed","Medium"
"18.5.20.1.1","Administrative Templates: Network","Windows Connect Now: Configuration of wireless settings using Windows Connect Now (EnableRegistrars)","Medium","1","0","Failed","Medium"
"18.5.20.1.2","Administrative Templates: Network","Windows Connect Now: Configuration of wireless settings using Windows Connect Now (DisableUPnPRegistrar)","Medium","1","0","Failed","Medium"
"18.5.20.1.3","Administrative Templates: Network","Windows Connect Now: Configuration of wireless settings using Windows Connect Now (DisableInBand802DOT11Registrar)","Medium","1","0","Failed","Medium"
"18.5.20.1.4","Administrative Templates: Network","Windows Connect Now: Configuration of wireless settings using Windows Connect Now (DisableFlashConfigRegistrar)","Medium","1","0","Failed","Medium"
"18.5.20.1.5","Administrative Templates: Network","Windows Connect Now: Configuration of wireless settings using Windows Connect Now (DisableWPDRegistrar)","Medium","1","0","Failed","Medium"
"18.5.20.2","Administrative Templates: Network","Windows Connect Now: Prohibit access of the Windows Connect Now wizards","Medium","0","1","Failed","Medium"
"18.5.21.1","Administrative Templates: Network","Windows Connection Manager: Minimize the number of simultaneous connections to the Internet or a Windows Domain","Medium","1","3","Failed","Medium"
"18.5.21.2","Administrative Templates: Network","Windows Connection Manager: Prohibit connection to non-domain networks when connected to domain authenticated network","Medium","0","1","Failed","Medium"
"18.5.23.2.1","Administrative Templates: Network","WLAN Settings: Allow Windows to automatically connect to suggested open hotspots, to networks shared by contacts, and to hotspots offering paid services","Medium","1","0","Failed","Medium"
"18.7.1.1","Administrative Templates: Start Menu and Taskbar","Notifications: Turn off notifications network usage","Medium","0","1","Failed","Medium"
"18.8.3.1","Administrative Templates: System","Audit Process Creation: Include command line in process creation events","Passed","0","0","Passed","Medium"
"18.8.4.1","Administrative Templates: System","Credentials Delegation: Encryption Oracle Remediation","Passed","0","0","Passed","Medium"
"18.8.4.2","Administrative Templates: System","Credentials Delegation: Remote host allows delegation of non-exportable credentials","Medium","0","1","Failed","Medium"
"18.8.5.1","Administrative Templates: System","Device Guard: Turn On Virtualization Based Security (Policy)","Medium","","1","Failed","Medium"
"18.8.5.2","Administrative Templates: System","Device Guard: Select Platform Security Level (Policy)","Medium","","3","Failed","Medium"
"18.8.5.3","Administrative Templates: System","Device Guard: Virtualization Based Protection of Code Integrity (Policy)","Medium","","1","Failed","Medium"
"18.8.5.4","Administrative Templates: System","Device Guard: Require UEFI Memory Attributes Table (Policy)","Medium","","1","Failed","Medium"
"18.8.5.5","Administrative Templates: System","Device Guard: Credential Guard Configuration (Policy)","Medium","","1","Failed","Medium"
"18.8.5.6","Administrative Templates: System","Device Guard: Secure Launch Configuration (Policy)","Medium","0","1","Failed","Medium"
"18.8.7.1.1","Administrative Templates: System","Device Installation: Device Installation Restrictions: Prevent installation of devices that match an ID","Medium","0","1","Failed","Medium"
"18.8.7.1.2","Administrative Templates: System","Device Installation: Device Installation Restrictions: Prevent installation of devices that match ID PCI\CC_0C0A (Thunderbolt)","Medium","0","PCI\CC_0C0A","Failed","Medium"
"18.8.7.1.3","Administrative Templates: System","Device Installation: Device Installation Restrictions: Prevent installation of devices that match an ID (Retroactive)","Medium","0","1","Failed","Medium"
"18.8.7.1.4","Administrative Templates: System","Device Installation: Device Installation Restrictions: Prevent installation of devices using drivers that match an device setup class","Medium","0","1","Failed","Medium"
"18.8.7.1.5.1","Administrative Templates: System","Device Installation: Device Installation Restrictions: Prevent installation of devices using drivers that match d48179be-ec20-11d1-b6b8-00c04fa372a7 (SBP-2 drive)","Medium","0","d48179be-ec20-11d1-b6b8-00c04fa372a7","Failed","Medium"
"18.8.7.1.5.2","Administrative Templates: System","Device Installation: Device Installation Restrictions: Prevent installation of devices using drivers that match 7ebefbc0-3200-11d2-b4c2-00a0C9697d07 (SBP-2 drive)","Medium","0","7ebefbc0-3200-11d2-b4c2-00a0C9697d07","Failed","Medium"
"18.8.7.1.5.3","Administrative Templates: System","Device Installation: Device Installation Restrictions: Prevent installation of devices using drivers that match c06ff265-ae09-48f0-812c-16753d7cba83 (SBP-2 drive)","Medium","0","c06ff265-ae09-48f0-812c-16753d7cba83","Failed","Medium"
"18.8.7.1.5.4","Administrative Templates: System","Device Installation: Device Installation Restrictions: Prevent installation of devices using drivers that match 6bdd1fc1-810f-11d0-bec7-08002be2092f (SBP-2 drive)","Medium","0","6bdd1fc1-810f-11d0-bec7-08002be2092f","Failed","Medium"
"18.8.7.1.6","Administrative Templates: System","Device Installation: Device Installation Restrictions: Prevent installation of devices using drivers that match an device setup class (Retroactive)","Medium","0","1","Failed","Medium"
"18.8.14.1","Administrative Templates: System","Early Launch Antimalware: Boot-Start Driver Initialization Policy","Medium","0","3","Failed","Medium"
"18.8.21.2","Administrative Templates: System","Group Policy: Do not apply during periodic background processing","Passed","0","0","Passed","Medium"
"18.8.21.3","Administrative Templates: System","Group Policy: Process even if the Group Policy objects have not changed","Medium","1","0","Failed","Medium"
"18.8.21.4","Administrative Templates: System","Group Policy: Continue experiences on this device","Medium","1","0","Failed","Medium"
"18.8.21.5","Administrative Templates: System","Group Policy: Turn off background refresh of Group Policy","Passed","0","0","Passed","Medium"
"18.8.22.1.1","Administrative Templates: System","Internet Communication Management: Internet Communication settings: Turn off access to the Store","Medium","0","1","Failed","Medium"
"18.8.22.1.2","Administrative Templates: System","Internet Communication Management: Internet Communication settings: Turn off downloading of print drivers over HTTP","Medium","0","1","Failed","Medium"
"18.8.22.1.3","Administrative Templates: System","Internet Communication Management: Internet Communication settings: Turn off handwriting personalization data sharing","Medium","0","1","Failed","Medium"
"18.8.22.1.4","Administrative Templates: System","Internet Communication Management: Internet Communication settings: Turn off handwriting recognition error reporting","Medium","0","1","Failed","Medium"
"18.8.22.1.5","Administrative Templates: System","Internet Communication Management: Internet Communication settings: Turn off Internet Connection Wizard if URL connection is referring to Microsoft.com","Medium","0","1","Failed","Medium"
"18.8.22.1.6","Administrative Templates: System","Internet Communication Management: Internet Communication settings: Turn off Internet download for Web publishing and online ordering wizards","Medium","0","1","Failed","Medium"
"18.8.22.1.7","Administrative Templates: System","Internet Communication Management: Internet Communication settings: Turn off printing over HTTP","Medium","0","1","Failed","Medium"
"18.8.22.1.8","Administrative Templates: System","Internet Communication Management: Internet Communication settings: Turn off Registration if URL connection is referring to Microsoft.com","Medium","0","1","Failed","Medium"
"18.8.22.1.9","Administrative Templates: System","Internet Communication Management: Internet Communication settings: Turn off Search Companion content file updates","Medium","0","1","Failed","Medium"
"18.8.22.1.10","Administrative Templates: System","Internet Communication Management: Internet Communication settings: Turn off the 'Order Prints' picture task","Medium","0","1","Failed","Medium"
"18.8.22.1.11","Administrative Templates: System","Internet Communication Management: Internet Communication settings: Turn off the 'Publish to Web' task for files and folders","Medium","0","1","Failed","Medium"
"18.8.22.1.12","Administrative Templates: System","Internet Communication Management: Internet Communication settings: Turn off the Windows Messenger Customer Experience Improvement Program","Medium","0","2","Failed","Medium"
"18.8.22.1.13","Administrative Templates: System","Internet Communication Management: Internet Communication settings: Turn off Windows Customer Experience Improvement Program","Medium","1","0","Failed","Medium"
"18.8.22.1.14.1","Administrative Templates: System","Internet Communication Management: Internet Communication settings: Turn off Windows Error Reporting 1","Medium","1","0","Failed","Medium"
"18.8.22.1.14.2","Administrative Templates: System","Internet Communication Management: Internet Communication settings: Turn off Windows Error Reporting 2","Medium","0","1","Failed","Medium"
"18.8.25.1.1","Administrative Templates: System","Kerberos: Support device authentication using certificate (DevicePKInitBehavior)","Medium","1","0","Failed","Medium"
"18.8.25.1.2","Administrative Templates: System","Kerberos: Support device authentication using certificate (DevicePKInitEnabled)","Passed","1","1","Passed","Medium"
"18.8.26.1","Administrative Templates: System","Kernel DMA Protection: Enumeration policy for external devices incompatible with Kernel DMA Protection","Medium","2","0","Failed","Medium"
"18.8.27.1","Administrative Templates: System","Locale Services: Disallow copying of user input methods to the system account for sign-in","Medium","0","1","Failed","Medium"
"18.8.28.1","Administrative Templates: System","Logon: Block user from showing account details on sign-in","Medium","0","1","Failed","Medium"
"18.8.28.2","Administrative Templates: System","Logon: Do not display network selection UI","Medium","0","1","Failed","Medium"
"18.8.28.3","Administrative Templates: System","Logon: Do not enumerate connected users on domain-joined computers","Medium","0","1","Failed","Medium"
"18.8.28.4","Administrative Templates: System","Logon: Enumerate local users on domain-joined computers","Passed","0","0","Passed","Medium"
"18.8.28.5","Administrative Templates: System","Logon: Turn off app notifications on the lock screen","Medium","0","1","Failed","Medium"
"18.8.28.6","Administrative Templates: System","Logon: Turn off picture password sign-in","Medium","0","1","Failed","Medium"
"18.8.28.7","Administrative Templates: System","Logon: Turn on convenience PIN sign-in","Medium","1","0","Failed","Medium"
"18.8.31.1","Administrative Templates: System","OS Policies: Allow Clipboard synchronization across devices","Medium","1","0","Failed","Medium"
"18.8.31.2","Administrative Templates: System","OS Policies: Allow upload of User Activities","Medium","1","0","Failed","Medium"
"18.8.34.6.1","Administrative Templates: System","Sleep Settings: Allow network connectivity during connected-standby (on battery)","Medium","1","0","Failed","Medium"
"18.8.34.6.2","Administrative Templates: System","Sleep Settings: Allow network connectivity during connected-standby (plugged in)","Medium","1","0","Failed","Medium"
"18.8.34.6.3","Administrative Templates: System","Sleep Settings: Allow standby states (S1-S3) when sleeping (on battery)","Medium","1","0","Failed","Medium"
"18.8.34.6.4","Administrative Templates: System","Sleep Settings: Allow standby states (S1-S3) when sleeping (plugged in)","Medium","1","0","Failed","Medium"
"18.8.34.6.5","Administrative Templates: System","Sleep Settings: Require a password when a computer wakes (on battery)","Medium","0","1","Failed","Medium"
"18.8.34.6.6","Administrative Templates: System","Sleep Settings: Require a password when a computer wakes (plugged in)","Medium","0","1","Failed","Medium"
"18.8.36.1","Administrative Templates: System","Remote Assistance: Configure Offer Remote Assistance","Medium","1","0","Failed","Medium"
"18.8.36.2","Administrative Templates: System","Remote Assistance: Configure Solicited Remote Assistance","Medium","1","0","Failed","Medium"
"18.8.37.1","Administrative Templates: System","Remote Procedure Call: Enable RPC Endpoint Mapper Client Authentication","Medium","0","1","Failed","Medium"
"18.8.37.2","Administrative Templates: System","Remote Procedure Call: Restrict Unauthenticated RPC clients","Medium","0","1","Failed","Medium"
"18.8.45.5.1","Administrative Templates: System","Troubleshooting and Diagnostics: Microsoft Support Diagnostic Tool: Turn on MSDT interactive communication with support provider","Medium","1","0","Failed","Medium"
"18.8.45.11.1","Administrative Templates: System","Windows Performance PerfTrack: Enable/Disable PerfTrack","Medium","1","0","Failed","Medium"
"18.8.47.1","Administrative Templates: System","User Profiles: Turn off the advertising ID","Medium","0","1","Failed","Medium"
"18.8.50.1.1","Administrative Templates: System","Time Providers: Enable Windows NTP Client","Medium","0","1","Failed","Medium"
"18.8.50.1.2","Administrative Templates: System","Time Providers: Enable Windows NTP Server","Passed","0","0","Passed","Medium"
"18.9.4.1","Administrative Templates: Windows Components","App Package Deployment: Allow a Windows app to share application data between users","Medium","1","0","Failed","Medium"
"18.9.6.1","Administrative Templates: Windows Components","App runtime: Allow Microsoft accounts to be optional","Medium","0","1","Failed","Medium"
"18.9.6.2","Administrative Templates: Windows Components","App runtime: Block launching Universal Windows apps with Windows Runtime API access from hosted content","Medium","0","1","Failed","Medium"
"18.9.8.1","Administrative Templates: Windows Components","AutoPlay Policies: Disallow Autoplay for non-volume devices","Medium","0","1","Failed","Medium"
"18.9.8.2","Administrative Templates: Windows Components","AutoPlay Policies: Set the default behavior for AutoRun","Medium","0","1","Failed","Medium"
"18.9.8.3","Administrative Templates: Windows Components","AutoPlay Policies: Turn off Autoplay","Medium","0","255","Failed","Medium"
"18.9.10.1.1","Administrative Templates: Windows Components","Biometrics: Facial Features: Configure enhanced anti-spoofing","Medium","","1","Failed","Medium"
"18.9.11.1.1","Administrative Templates: Windows Components","BitLocker Drive Encryption: Fixed Data Drives: Allow access to BitLocker-protected fixed data drives from earlier versions of Windows","Medium","","<none>","Failed","Medium"
"18.9.11.1.2","Administrative Templates: Windows Components","BitLocker Drive Encryption: Fixed Data Drives: Choose how BitLocker-protected fixed drives can be recovered","Medium","0","1","Failed","Medium"
"18.9.11.1.3","Administrative Templates: Windows Components","BitLocker Drive Encryption: Fixed Data Drives: Choose how BitLocker-protected fixed drives can be recovered: Allow data recovery agent","Passed","1","1","Passed","Medium"
"18.9.11.1.4","Administrative Templates: Windows Components","BitLocker Drive Encryption: Fixed Data Drives: Choose how BitLocker-protected fixed drives can be recovered: Recovery Password","Medium","","2","Failed","Medium"
"18.9.11.1.5","Administrative Templates: Windows Components","BitLocker Drive Encryption: Fixed Data Drives: Choose how BitLocker-protected fixed drives can be recovered: Recovery Key","Medium","","2","Failed","Medium"
"18.9.11.1.6","Administrative Templates: Windows Components","BitLocker Drive Encryption: Fixed Data Drives: Choose how BitLocker-protected fixed drives can be recovered: Omit recovery options from the BitLocker setup wizard","Medium","","1","Failed","Medium"
"18.9.11.1.7","Administrative Templates: Windows Components","BitLocker Drive Encryption: Fixed Data Drives: Choose how BitLocker-protected fixed drives can be recovered: Save BitLocker recovery information to AD DS for fixed data drives","Medium","","0","Failed","Medium"
"18.9.11.1.8","Administrative Templates: Windows Components","BitLocker Drive Encryption: Fixed Data Drives: Choose how BitLocker-protected fixed drives can be recovered: Configure storage of BitLocker recovery information to AD DS","Medium","","1","Failed","Medium"
"18.9.11.1.9","Administrative Templates: Windows Components","BitLocker Drive Encryption: Fixed Data Drives: Choose how BitLocker-protected fixed drives can be recovered: Do not enable BitLocker until recovery information is stored to AD DS for fixed data drives","Medium","","0","Failed","Medium"
"18.9.11.1.10","Administrative Templates: Windows Components","BitLocker Drive Encryption: Fixed Data Drives: Configure use of hardware-based encryption for fixed data drives","Medium","","1","Failed","Medium"
"18.9.11.1.11","Administrative Templates: Windows Components","BitLocker Drive Encryption: Fixed Data Drives: Configure use of hardware-based encryption for fixed data drives: Use BitLocker software-based encryption when hardware encryption is not available","Passed","1","1","Passed","Medium"
"18.9.11.1.12","Administrative Templates: Windows Components","BitLocker Drive Encryption: Fixed Data Drives: Configure use of hardware-based encryption for fixed data drives: Restrict encryption algorithms and cipher suites allowed for hardware-based encryption","Passed","0","0","Passed","Medium"
"18.9.11.1.13","Administrative Templates: Windows Components","BitLocker Drive Encryption: Fixed Data Drives: Configure use of hardware-based encryption for fixed data drives: Restrict crypto algorithms or cipher suites","Medium","","2.16.840.1.101.3.4.1.2;2.16.840.1.101.3.4.1.42","Failed","Medium"
"18.9.11.1.14","Administrative Templates: Windows Components","BitLocker Drive Encryption: Fixed Data Drives: Configure use of passwords for fixed data drives","Passed","0","0","Passed","Medium"
"18.9.11.1.15","Administrative Templates: Windows Components","BitLocker Drive Encryption: Fixed Data Drives: Configure use of smart cards on fixed data drives","Medium","","1","Failed","Medium"
"18.9.11.1.16","Administrative Templates: Windows Components","BitLocker Drive Encryption: Fixed Data Drives: Configure use of smart cards on fixed data drives: Require use of smart cards on fixed data drives","Medium","0","1","Failed","Medium"
"18.9.11.2.1","Administrative Templates: Windows Components","BitLocker Drive Encryption: Operating System Drives: Allow enhanced PINs for startup","Medium","0","1","Failed","Medium"
"18.9.11.2.2","Administrative Templates: Windows Components","BitLocker Drive Encryption: Operating System Drives: Allow Secure Boot for integrity validation","Medium","0","1","Failed","Medium"
"18.9.11.2.3","Administrative Templates: Windows Components","BitLocker Drive Encryption: Operating System Drives: Choose how BitLocker-protected operating system drives can be recovered","Medium","0","1","Failed","Medium"
"18.9.11.2.4","Administrative Templates: Windows Components","BitLocker Drive Encryption: Operating System Drives: Choose how BitLocker-protected operating system drives can be recovered: Allow data recovery agent","Medium","1","0","Failed","Medium"
"18.9.11.2.5","Administrative Templates: Windows Components","BitLocker Drive Encryption: Operating System Drives: Choose how BitLocker-protected operating system drives can be recovered: Recovery Password","Medium","","1","Failed","Medium"
"18.9.11.2.6","Administrative Templates: Windows Components","BitLocker Drive Encryption: Operating System Drives: Choose how BitLocker-protected operating system drives can be recovered: Recovery Key","Medium","1","0","Failed","Medium"
"18.9.11.2.7","Administrative Templates: Windows Components","BitLocker Drive Encryption: Operating System Drives: Choose how BitLocker-protected operating system drives can be recovered: Omit recovery options from the BitLocker setup wizard","Medium","0","1","Failed","Medium"
"18.9.11.2.8","Administrative Templates: Windows Components","BitLocker Drive Encryption: Operating System Drives: Choose how BitLocker-protected operating system drives can be recovered: Save BitLocker recovery information to AD DS for operating system drives","Medium","0","1","Failed","Medium"
"18.9.11.2.9","Administrative Templates: Windows Components","BitLocker Drive Encryption: Operating System Drives: Choose how BitLocker-protected operating system drives can be recovered: Configure storage of BitLocker recovery information to AD DS","Medium","0","1","Failed","Medium"
"18.9.11.2.10","Administrative Templates: Windows Components","BitLocker Drive Encryption: Operating System Drives: Choose how BitLocker-protected operating system drives can be recovered: Do not enable BitLocker until recovery information is stored to AD DS for operating system drives","Medium","0","1","Failed","Medium"
"18.9.11.2.11","Administrative Templates: Windows Components","BitLocker Drive Encryption: Operating System Drives: Configure use of hardware-based encryption for operating system drives","Medium","0","1","Failed","Medium"
"18.9.11.2.12","Administrative Templates: Windows Components","BitLocker Drive Encryption: Operating System Drives: Use BitLocker software-based encryption when hardware encryption is not available","Medium","0","1","Failed","Medium"
"18.9.11.2.13","Administrative Templates: Windows Components","BitLocker Drive Encryption: Operating System Drives: Configure use of hardware-based encryption for operating system drives: Restrict encryption algorithms and cipher suites allowed for hardware-based encryption","Passed","0","0","Passed","Medium"
"18.9.11.2.14","Administrative Templates: Windows Components","BitLocker Drive Encryption: Operating System Drives: Configure use of hardware-based encryption for operating system drives: Restrict crypto algorithms or cipher suites","Medium","","2.16.840.1.101.3.4.1.2;2.16.840.1.101.3.4.1.42","Failed","Medium"
"18.9.11.2.15","Administrative Templates: Windows Components","BitLocker Drive Encryption: Operating System Drives: Configure use of passwords for operating system drives","Medium","","0","Failed","Medium"
"18.9.11.2.16","Administrative Templates: Windows Components","BitLocker Drive Encryption: Operating System Drives: Require additional authentication at startup","Medium","0","1","Failed","Medium"
"18.9.11.2.17","Administrative Templates: Windows Components","BitLocker Drive Encryption: Operating System Drives: Require additional authentication at startup: Allow BitLocker without a compatible TPM","Medium","1","0","Failed","Medium"
"18.9.11.3.1","Administrative Templates: Windows Components","BitLocker Drive Encryption: Removable Data Drives: Allow access to BitLocker-protected removable data drives from earlier versions of Windows","Medium","","<none>","Failed","Medium"
"18.9.11.3.2","Administrative Templates: Windows Components","BitLocker Drive Encryption: Removable Data Drives: Choose how BitLocker-protected removable drives can be recovered","Medium","0","1","Failed","Medium"
"18.9.11.3.3","Administrative Templates: Windows Components","BitLocker Drive Encryption: Removable Data Drives: Choose how BitLocker-protected removable drives can be recovered: Allow data recovery agent","Medium","","1","Failed","Medium"
"18.9.11.3.4","Administrative Templates: Windows Components","BitLocker Drive Encryption: Removable Data Drives: Choose how BitLocker-protected removable drives can be recovered: Recovery Password","Medium","","0","Failed","Medium"
"18.9.11.3.5","Administrative Templates: Windows Components","BitLocker Drive Encryption: Removable Data Drives: Choose how BitLocker-protected removable drives can be recovered: Recovery Key","Medium","","0","Failed","Medium"
"18.9.11.3.6","Administrative Templates: Windows Components","BitLocker Drive Encryption: Removable Data Drives: Choose how BitLocker-protected removable drives can be recovered: Omit recovery options from the BitLocker setup wizard","Medium","","1","Failed","Medium"
"18.9.11.3.7","Administrative Templates: Windows Components","BitLocker Drive Encryption: Removable Data Drives: Choose how BitLocker-protected removable drives can be recovered: Save BitLocker recovery information to AD DS for removable data drives","Medium","","0","Failed","Medium"
"18.9.11.3.8","Administrative Templates: Windows Components","BitLocker Drive Encryption: Removable Data Drives: Choose how BitLocker-protected removable drives can be recovered: Configure storage of BitLocker recovery information to AD DS","Medium","","1","Failed","Medium"
"18.9.11.3.9","Administrative Templates: Windows Components","BitLocker Drive Encryption: Removable Data Drives: Choose how BitLocker-protected removable drives can be recovered: Choose how BitLocker-protected removable drives can be recovered: Do not enable BitLocker until recovery information is stored to AD DS for removable data drives","Medium","","0","Failed","Medium"
"18.9.11.3.10","Administrative Templates: Windows Components","BitLocker Drive Encryption: Removable Data Drives: Configure use of hardware-based encryption for removable data drives","Medium","","1","Failed","Medium"
"18.9.11.3.11","Administrative Templates: Windows Components","BitLocker Drive Encryption: Removable Data Drives: Configure use of hardware-based encryption for removable data drives: Use BitLocker software-based encryption when hardware encryption is not available","Medium","","1","Failed","Medium"
"18.9.11.3.12","Administrative Templates: Windows Components","BitLocker Drive Encryption: Removable Data Drives: Configure use of hardware-based encryption for removable data drives: Restrict encryption algorithms and cipher suites allowed for hardware-based encryption","Medium","","0","Failed","Medium"
"18.9.11.3.13","Administrative Templates: Windows Components","BitLocker Drive Encryption: Removable Data Drives: Configure use of hardware-based encryption for removable data drives: Restrict crypto algorithms or cipher suites","Medium","","2.16.840.1.101.3.4.1.2;2.16.840.1.101.3.4.1.42","Failed","Medium"
"18.9.11.3.14","Administrative Templates: Windows Components","BitLocker Drive Encryption: Removable Data Drives: Configure use of passwords for removable data drives","Medium","","0","Failed","Medium"
"18.9.11.3.15","Administrative Templates: Windows Components","BitLocker Drive Encryption: Removable Data Drives: Configure use of smart cards on removable data drives","Medium","","1","Failed","Medium"
"18.9.11.3.16","Administrative Templates: Windows Components","BitLocker Drive Encryption: Removable Data Drives: Configure use of smart cards on removable data drives: Require use of smart cards on removable data drives","Medium","","1","Failed","Medium"
"18.9.11.3.17","Administrative Templates: Windows Components","BitLocker Drive Encryption: Removable Data Drives: Deny write access to removable drives not protected by BitLocker","Medium","","1","Failed","Medium"
"18.9.11.3.18","Administrative Templates: Windows Components","BitLocker Drive Encryption: Removable Data Drives: Do not allow write access to devices configured in another organization","Medium","","0","Failed","Medium"
"18.9.11.4.1","Administrative Templates: Windows Components","BitLocker Drive Encryption: Choose drive encryption method and cipher strength (for operating system drives)","Medium","6","7","Failed","Medium"
"18.9.11.4.2","Administrative Templates: Windows Components","BitLocker Drive Encryption: Choose drive encryption method and cipher strength (for fixed data drives)","Medium","6","7","Failed","Medium"
"18.9.11.4.3","Administrative Templates: Windows Components","BitLocker Drive Encryption: Choose drive encryption method and cipher strength (for removable data drives)","Medium","3","4","Failed","Medium"
"18.9.11.5","Administrative Templates: Windows Components","BitLocker Drive Encryption: Disable new DMA devices when this computer is locked","Medium","0","1","Failed","Medium"
"18.9.12.1","Administrative Templates: Windows Components","Camera: Allow Use of Camera","Medium","1","0","Failed","Medium"
"18.9.13.1","Administrative Templates: Windows Components","Cloud Content: Turn off Microsoft consumer experiences","Medium","0","1","Failed","Medium"
"18.9.14.1","Administrative Templates: Windows Components","Connect: Require pin for pairing","Medium","0","1","Failed","Medium"
"18.9.15.1","Administrative Templates: Windows Components","Credential User Interface: Do not display the password reveal button","Medium","0","1","Failed","Medium"
"18.9.15.2","Administrative Templates: Windows Components","Credential User Interface: Enumerate administrator accounts on elevation","Medium","1","0","Failed","Medium"
"18.9.16.1","Administrative Templates: Windows Components","Data Collection and Preview Builds: Allow Diagnostic Data","Medium","2","1","Failed","Medium"
"18.9.16.2","Administrative Templates: Windows Components","Data Collection and Preview Builds: Configure Authenticated Proxy usage for the Connected User Experience and Telemetry service","Medium","0","1","Failed","Medium"
"18.9.16.3","Administrative Templates: Windows Components","Data Collection and Preview Builds: Do not show feedback notifications","Medium","0","1","Failed","Medium"
"18.9.16.4","Administrative Templates: Windows Components","Data Collection and Preview Builds: Toggle user control over Insider builds","Medium","1","0","Failed","Medium"
"18.9.17.1","Administrative Templates: Windows Components","Delivery Optimization: Download Mode","Medium","1","2","Failed","Medium"
"18.9.26.1.1","Administrative Templates: Windows Components","Event Log Service: Application: Control Event Log behavior when the log file reaches its maximum size","Passed","0","0","Passed","Medium"
"18.9.26.1.2","Administrative Templates: Windows Components","Event Log Service: Application: Specify the maximum log file size (KB)","Medium","4096","32768","Failed","Medium"
"18.9.26.2.1","Administrative Templates: Windows Components","Event Log Service: Security: Control Event Log behavior when the log file reaches its maximum size","Passed","0","0","Passed","Medium"
"18.9.26.2.2","Administrative Templates: Windows Components","Event Log Service: Security: Specify the maximum log file size (KB)","Medium","4096","196608","Failed","Medium"
"18.9.26.3.1","Administrative Templates: Windows Components","Event Log Service: Setup: Control Event Log behavior when the log file reaches its maximum size","Passed","0","0","Passed","Medium"
"18.9.26.3.2","Administrative Templates: Windows Components","Event Log Service: Setup: Specify the maximum log file size (KB)","Medium","4096","32768","Failed","Medium"
"18.9.26.4.1","Administrative Templates: Windows Components","Event Log Service: System: Control Event Log behavior when the log file reaches its maximum size","Passed","0","0","Passed","Medium"
"18.9.26.4.2","Administrative Templates: Windows Components","Event Log Service: System: Specify the maximum log file size (KB)","Medium","4096","32768","Failed","Medium"
"18.9.30.2","Administrative Templates: Windows Components","File Explorer: Turn off Data Execution Prevention for Explorer","Passed","0","0","Passed","Medium"
"18.9.30.3","Administrative Templates: Windows Components","File Explorer: Turn off heap termination on corruption","Passed","0","0","Passed","Medium"
"18.9.30.4","Administrative Templates: Windows Components","File Explorer: Turn off shell protocol protected mode","Passed","0","0","Passed","Medium"
"18.9.35.1","Administrative Templates: Windows Components","HomeGroup: Prevent the computer from joining a homegroup","Medium","0","1","Failed","Medium"
"18.9.39.2","Administrative Templates: Windows Components","Location and Sensors: Turn off location","Medium","0","1","Failed","Medium"
"18.9.43.1","Administrative Templates: Windows Components","Messaging: Allow Message Service Cloud Sync","Medium","1","0","Failed","Medium"
"18.9.44.1","Administrative Templates: Windows Components","Microsoft account: Block all consumer Microsoft account user authentication","Medium","","1","Failed","Medium"
"18.9.45.1","Microsoft Edge","Allow Address bar drop-down list suggestions","Medium","1","0","Failed","Medium"
"18.9.45.2","Microsoft Edge","Allow Adobe Flash","Medium","1","0","Failed","Medium"
"18.9.45.3","Microsoft Edge","Allow InPrivate Browsing","Medium","1","0","Failed","Medium"
"18.9.45.4","Microsoft Edge","Allow Sideloading of extension","Medium","1","0","Failed","Medium"
"18.9.45.5","Microsoft Edge","Configure cookies","Medium","2","1","Failed","Medium"
"18.9.45.6","Microsoft Edge","Configure Password Manager","Medium","","no","Failed","Medium"
"18.9.45.7","Microsoft Edge","Configure Pop-up Blocker","Medium","","yes","Failed","Medium"
"18.9.45.8","Microsoft Edge","Configure search suggestions in Address bar","Medium","","0","Failed","Medium"
"18.9.45.9","Microsoft Edge","Configure the Adobe Flash Click-to-Run setting","Medium","","1","Failed","Medium"
"18.9.45.10","Microsoft Edge","Prevent access to the about:flags page in Microsoft Edge","Medium","","1","Failed","Medium"
"18.9.45.11","Microsoft Edge","Prevent certificate error overrides","Medium","","1","Failed","Medium"
"18.9.45.12","Microsoft Edge","Prevent using Localhost IP address for WebRTC","Medium","","1","Failed","Medium"
"18.9.52.1","Administrative Templates: Windows Components","OneDrive: Prevent the usage of OneDrive for file storage","Medium","0","1","Failed","Medium"
"18.9.58.1","Administrative Templates: Windows Components","Push To Install: Turn off Push To Install service","Medium","","1","Failed","Medium"
"18.9.59.2.2","Administrative Templates: Windows Components","Remote Desktop Connection Client: Do not allow passwords to be saved","Medium","0","1","Failed","Medium"
"18.9.59.3.2.1","Administrative Templates: Windows Components","Remote Desktop Session Host: Allow users to connect remotely by using Remote Desktop Services","Medium","0","1","Failed","Medium"
"18.9.59.3.3.1","Administrative Templates: Windows Components","Remote Desktop Session Host: Device and Resource Redirection: Do not allow COM port redirection","Medium","0","1","Failed","Medium"
"18.9.59.3.3.2","Administrative Templates: Windows Components","Remote Desktop Session Host: Device and Resource Redirection: Do not allow drive redirection","Medium","0","1","Failed","Medium"
"18.9.59.3.3.3","Administrative Templates: Windows Components","Remote Desktop Session Host: Device and Resource Redirection: Do not allow LPT port redirection","Medium","0","1","Failed","Medium"
"18.9.59.3.3.4","Administrative Templates: Windows Components","Remote Desktop Session Host: Device and Resource Redirection: Do not allow supported Plug and Play device redirection","Medium","0","1","Failed","Medium"
"18.9.59.3.9.1","Administrative Templates: Windows Components","Remote Desktop Session Host: Security: Always prompt for password upon connection","Medium","0","1","Failed","Medium"
"18.9.59.3.9.2","Administrative Templates: Windows Components","Remote Desktop Session Host: Security: Require secure RPC communication","Medium","0","1","Failed","Medium"
"18.9.59.3.9.3","Administrative Templates: Windows Components","Remote Desktop Session Host: Security: Require use of specific security layer for remote (RDP) connections","Medium","0","2","Failed","Medium"
"18.9.59.3.9.4","Administrative Templates: Windows Components","Remote Desktop Session Host: Security: Require user authentication for remote connections by using Network Level Authentication","Medium","0","1","Failed","Medium"
"18.9.59.3.9.5","Administrative Templates: Windows Components","Remote Desktop Session Host: Security: Set client connection encryption level","Medium","0","3","Failed","Medium"
"18.9.59.3.10.1","Administrative Templates: Windows Components","Remote Desktop Session Host: Session Time Limits: Set time limit for active but idle Remote Desktop Services sessions","Passed","0","900000","Passed","Medium"
"18.9.59.3.10.2","Administrative Templates: Windows Components","Remote Desktop Session Host: Session Time Limits: Set time limit for disconnected sessions","Medium","0","60000","Failed","Medium"
"18.9.59.3.11.1","Administrative Templates: Windows Components","Remote Desktop Session Host: Temporary folders: Do not delete temp folders upon exit","Passed","1","1","Passed","Medium"
"18.9.59.3.11.2","Administrative Templates: Windows Components","Remote Desktop Session Host: Temporary folders: Do not use temporary folders per session","Passed","1","1","Passed","Medium"
"18.9.60.1","Administrative Templates: Windows Components","RSS Feeds: Prevent downloading of enclosures","Medium","0","1","Failed","Medium"
"18.9.61.2","Administrative Templates: Windows Components","Search: Allow Cloud Search","Medium","1","0","Failed","Medium"
"18.9.61.3","Administrative Templates: Windows Components","Search: Allow Cortana","Medium","1","0","Failed","Medium"
"18.9.61.4","Administrative Templates: Windows Components","Search: Allow Cortana above lock screen","Medium","1","0","Failed","Medium"
"18.9.61.5","Administrative Templates: Windows Components","Search: Allow indexing of encrypted files","Medium","1","0","Failed","Medium"
"18.9.61.6","Administrative Templates: Windows Components","Search: Allow search and Cortana to use location","Medium","1","0","Failed","Medium"
"18.9.66.1","Administrative Templates: Windows Components","Software Protection Platform: Turn off KMS Client Online AVS Validation","Medium","0","1","Failed","Medium"
"18.9.69.1","Administrative Templates: Windows Components","Store: Disable all apps from Microsoft Store","Medium","","1","Failed","Medium"
"18.9.69.2","Administrative Templates: Windows Components","Store: Only display the private store within the Microsoft Store","Medium","","1","Failed","Medium"
"18.9.69.3","Administrative Templates: Windows Components","Store: Turn off Automatic Download and Install of updates","Medium","","4","Failed","Medium"
"18.9.69.4","Administrative Templates: Windows Components","Store: Turn off the offer to update to the latest version of Windows","Medium","","1","Failed","Medium"
"18.9.69.5","Administrative Templates: Windows Components","Store: Turn off the Store application","Medium","","1","Failed","Medium"
"18.9.77.3.1","Microsoft Defender Antivirus","MAPS: Configure local setting override for reporting to Microsoft MAPS","Medium","","0","Failed","Medium"
"18.9.77.3.2","Microsoft Defender Antivirus","MAPS: Join Microsoft MAPS","Passed","0","0","Passed","Medium"
"18.9.77.7.1","Microsoft Defender Antivirus","Real-time Protection: Turn on behavior monitoring (Policy)","Passed","0","0","Passed","Medium"
"18.9.77.9.1","Microsoft Defender Antivirus","Reporting: Configure Watson events","Medium","0","1","Failed","Medium"
"18.9.77.10.1","Microsoft Defender Antivirus","Scan: Scan removable drives","Medium","1","0","Failed","Medium"
"18.9.77.10.2","Microsoft Defender Antivirus","Scan: Turn on e-mail scanning","Medium","1","0","Failed","Medium"
"18.9.77.13.1.1","Microsoft Defender Exploit Guard","Attack Surface Reduction rules","Medium","0","1","Failed","Medium"
"18.9.77.13.1.2.1.1","Microsoft Defender Exploit Guard","ASR: Block all Office applications from creating child processes (Policy)","Medium","0","1","Failed","Medium"
"18.9.77.13.1.2.1.2","Microsoft Defender Exploit Guard","ASR: Block all Office applications from creating child processes","Medium","0","1","Failed","Medium"
"18.9.77.13.1.2.2.1","Microsoft Defender Exploit Guard","ASR: Block Office applications from creating executable content (Policy)","Medium","0","1","Failed","Medium"
"18.9.77.13.1.2.2.2","Microsoft Defender Exploit Guard","ASR: Block Office applications from creating executable content","Medium","0","1","Failed","Medium"
"18.9.77.13.1.2.3.1","Microsoft Defender Exploit Guard","ASR: Block execution of potentially obfuscated scripts (Policy)","Medium","0","1","Failed","Medium"
"18.9.77.13.1.2.3.2","Microsoft Defender Exploit Guard","ASR: Block execution of potentially obfuscated scripts","Medium","0","1","Failed","Medium"
"18.9.77.13.1.2.4.1","Microsoft Defender Exploit Guard","ASR: Block Office applications from injecting code into other processes (Policy)","Medium","0","1","Failed","Medium"
"18.9.77.13.1.2.4.2","Microsoft Defender Exploit Guard","ASR: Block Office applications from injecting code into other processes","Medium","0","1","Failed","Medium"
"18.9.77.13.1.2.5.1","Microsoft Defender Exploit Guard","ASR: Block Adobe Reader from creating child processes (Policy)","Medium","0","1","Failed","Medium"
"18.9.77.13.1.2.5.2","Microsoft Defender Exploit Guard","ASR: Block Adobe Reader from creating child processes","Medium","0","1","Failed","Medium"
"18.9.77.13.1.2.6.1","Microsoft Defender Exploit Guard","ASR: Block Win32 API calls from Office macros (Policy)","Medium","0","1","Failed","Medium"
"18.9.77.13.1.2.6.2","Microsoft Defender Exploit Guard","ASR: Block Win32 API calls from Office macros","Medium","0","1","Failed","Medium"
"18.9.77.13.1.2.7.1","Microsoft Defender Exploit Guard","ASR: Block credential stealing from the Windows local security authority subsystem (lsass.exe) (Policy)","Medium","0","1","Failed","Medium"
"18.9.77.13.1.2.7.2","Microsoft Defender Exploit Guard","ASR: Block credential stealing from the Windows local security authority subsystem (lsass.exe)","Medium","0","1","Failed","Medium"
"18.9.77.13.1.2.8.1","Microsoft Defender Exploit Guard","ASR: Block untrusted and unsigned processes that run from USB (Policy)","Medium","0","1","Failed","Medium"
"18.9.77.13.1.2.8.2","Microsoft Defender Exploit Guard","ASR: Block untrusted and unsigned processes that run from USB","Medium","0","1","Failed","Medium"
"18.9.77.13.1.2.9.1","Microsoft Defender Exploit Guard","ASR: Block executable content from email client and webmail (Policy)","Medium","0","1","Failed","Medium"
"18.9.77.13.1.2.9.2","Microsoft Defender Exploit Guard","ASR: Block executable content from email client and webmail","Medium","0","1","Failed","Medium"
"18.9.77.13.1.2.10.1","Microsoft Defender Exploit Guard","ASR: Block JavaScript or VBScript from launching downloaded executable content (Policy)","Medium","0","1","Failed","Medium"
"18.9.77.13.1.2.10.2","Microsoft Defender Exploit Guard","ASR: Block JavaScript or VBScript from launching downloaded executable content","Medium","0","1","Failed","Medium"
"18.9.77.13.1.2.11.1","Microsoft Defender Exploit Guard","ASR: Block Office communication application from creating child processes (Policy)","Medium","0","1","Failed","Medium"
"18.9.77.13.1.2.11.2","Microsoft Defender Exploit Guard","ASR: Block Office communication application from creating child processes","Medium","0","1","Failed","Medium"
"18.9.77.13.3.1","Microsoft Defender Exploit Guard","Network Protection: Prevent users and apps from accessing dangerous websites","Medium","","1","Failed","Medium"
"18.9.77.14","Microsoft Defender Antivirus","Configure detection for potentially unwanted applications","Medium","0","1","Failed","Medium"
"18.9.77.15","Microsoft Defender Antivirus","Turn off Microsoft Defender Antivirus","Passed","0","0","Passed","Medium"
"18.9.78.1","Microsoft Defender Application Guard","Allow auditing events in Microsoft Defender Application Guard","Medium","","1","Failed","Medium"
"18.9.78.2","Microsoft Defender Application Guard","Allow camera and microphone access in Microsoft Defender Application Guard","Medium","","0","Failed","Medium"
"18.9.78.3","Microsoft Defender Application Guard","Allow data persistence for Microsoft Defender Application Guard","Medium","","0","Failed","Medium"
"18.9.78.4","Microsoft Defender Application Guard","Allow files to download and save to the host operating system from Microsoft Defender Application Guard","Medium","","0","Failed","Medium"
"18.9.78.4","Microsoft Defender Application Guard","Allow users to trust files that open in Windows Defender Application Guard","Passed","","1","Passed","Medium"
"18.9.78.6","Microsoft Defender Application Guard","Configure Microsoft Defender Application Guard clipboard settings: Clipboard behavior setting","Medium","","1","Failed","Medium"
"18.9.78.7","Microsoft Defender Application Guard","Turn on Microsoft Defender Application Guard in Managed Mode","Medium","","1","Failed","Medium"
"18.9.80.1.1.1","Administrative Templates: Windows Components","File Explorer: Configure Windows Defender SmartScreen","Passed","1","1","Passed","Medium"
"18.9.80.1.1.2","Administrative Templates: Windows Components","File Explorer: Configure Windows Defender SmartScreen to warn and prevent bypass","Medium","Warn","Block","Failed","Medium"
"18.9.80.2.1","Microsoft Edge","Configure Windows Defender SmartScreen","Medium","","1","Failed","Medium"
"18.9.80.2.2","Microsoft Edge","Prevent bypassing Microsoft Defender SmartScreen prompts for files","Medium","","1","Failed","Medium"
"18.9.80.2.3","Microsoft Edge","Prevent bypassing Microsoft Defender SmartScreen prompts for sites","Medium","","1","Failed","Medium"
"18.9.82.1","Administrative Templates: Windows Components","Windows Game Recording and Broadcasting: Enables or disables Windows Game Recording and Broadcasting","Medium","1","0","Failed","Medium"
"18.9.84.1","Administrative Templates: Windows Components","Windows Ink Workspace: Allow suggested apps in Windows Ink Workspace","Medium","1","0","Failed","Medium"
"18.9.84.2","Administrative Templates: Windows Components","Windows Ink Workspace: Allow Windows Ink Workspace","Passed","1","1","Passed","Medium"
"18.9.85.1","Administrative Templates: Windows Components","Windows Installer: Allow user control over installs","Medium","1","0","Failed","Medium"
"18.9.85.2","Administrative Templates: Windows Components","Windows Installer: Always install with elevated privileges","Passed","0","0","Passed","Medium"
"18.9.85.3","Administrative Templates: Windows Components","Windows Installer: Prevent Internet Explorer security prompt for Windows Installer scripts","Medium","1","0","Failed","Medium"
"18.9.86.1","Administrative Templates: Windows Components","Windows Logon Options: Sign-in and lock last interactive user automatically after a restart","Medium","0","1","Failed","Medium"
"18.9.95.1","PowerShell","Turn on PowerShell Script Block Logging","Passed","0","0","Passed","Medium"
"18.9.95.2","PowerShell","Turn on PowerShell Transcription","Passed","0","0","Passed","Medium"
"18.9.97.1.1","Administrative Templates: Windows Components","WinRM Client: Allow Basic authentication","Medium","1","0","Failed","Medium"
"18.9.97.1.2","Administrative Templates: Windows Components","WinRM Client: Allow unencrypted traffic","Medium","1","0","Failed","Medium"
"18.9.97.1.3","Administrative Templates: Windows Components","WinRM Client: Disallow Digest authentication","Medium","1","0","Failed","Medium"
"18.9.97.2.1","Administrative Templates: Windows Components","WinRM Service: Allow Basic authentication","Medium","1","0","Failed","Medium"
"18.9.97.2.2","Administrative Templates: Windows Components","WinRM Service: Allow remote server management through WinRM","Medium","1","0","Failed","Medium"
"18.9.97.2.3","Administrative Templates: Windows Components","WinRM Service: Allow unencrypted traffic","Medium","1","0","Failed","Medium"
"18.9.97.2.4","Administrative Templates: Windows Components","WinRM Service: Disallow WinRM from storing RunAs credentials","Medium","0","1","Failed","Medium"
"18.9.98.1","Administrative Templates: Windows Components","Windows Remote Shell: Allow Remote Shell Access","Medium","1","0","Failed","Medium"
"18.9.99.2.1","Administrative Templates: Windows Components","App and browser protection: Prevent users from modifying settings","Medium","","1","Failed","Medium"
"18.9.102.1.1.1","Administrative Templates: Windows Components","Windows Update: Manage updates offered from Windows Update: Manage preview builds (ManagePreviewBuilds)","Medium","","1","Failed","Medium"
"18.9.102.1.1.2","Administrative Templates: Windows Components","Windows Update: Manage updates offered from Windows Update: Manage preview builds (ManagePreviewBuildsPolicyValue)","Medium","","0","Failed","Medium"
"18.9.102.1.2.1","Administrative Templates: Windows Components","Windows Update: Manage updates offered from Windows Update: Select when Preview Builds and Feature Updates are received (DeferFeatureUpdates)","Medium","","1","Failed","Medium"
"18.9.102.1.2.2","Administrative Templates: Windows Components","Windows Update: Manage updates offered from Windows Update: Select when Preview Builds and Feature Updates are received (BranchReadinessLevel)","Medium","","16","Failed","Medium"
"18.9.102.1.2.3","Administrative Templates: Windows Components","Windows Update: Manage updates offered from Windows Update: Select when Preview Builds and Feature Updates are received (DeferFeatureUpdatesPeriodInDays)","Medium","","180","Failed","Medium"
"18.9.102.1.3.1","Administrative Templates: Windows Components","Windows Update: Manage updates offered from Windows Update: Select when Quality Updates are received (DeferQualityUpdates)","Medium","","1","Failed","Medium"
"18.9.102.1.3.2","Administrative Templates: Windows Components","Windows Update: Manage updates offered from Windows Update: Select when Quality Updates are received (DeferQualityUpdatesPeriodInDays)","Passed","","0","Passed","Medium"
"18.9.102.2","Administrative Templates: Windows Components","Windows Update: Manage end user experience: Configure Automatic Updates","Passed","0","0","Passed","Medium"
"18.9.102.3","Administrative Templates: Windows Components","Windows Update: Manage end user experience: Configure Automatic Updates: Scheduled install day","Passed","","0","Passed","Medium"
"18.9.102.4","Administrative Templates: Windows Components","Windows Update: Legacy Policies: No auto-restart with logged on users for scheduled automatic updates installations","Passed","0","0","Passed","Medium"
"18.9.102.5","Administrative Templates: Windows Components","Windows Update: Manage end user experience: Remove access to 'Pause updates' feature","Medium","","1","Failed","Medium"
